Days to 50% Flowering;Days to 50% Pod Setting;Number of Pods per Plant;Plant Height (cm);First Pod Height (cm);Biological Yield (g);1000-Seed Weight (g);Seed Yield per Plant (g);Total Seed Yield (kg/da)
72;86;28;20.2;11.8;3.15;42.57;1.33;128.71
66;77;31;19.45;10.08;3.88;40.82;1.52;138.35
68;79;21;21.33;10.37;2.21;37.25;0.92;101.26
73;80;26;18.5;13.5;1.74;33.9;0.78;85.82
68;75;19;22.14;18.45;1.99;40.1;0.84;94.39
70;77;18;20.15;15.08;1.95;38.4;0.78;89.61
67;76;46;21.6;10.8;10.29;40.91;2.06;177.39
73;82;46;27.05;20.45;7.44;40.67;2.64;214.27
72;81;47;22.33;13.69;4.27;40.77;1.71;153.92
68;80;38;19.5;11;6.13;44.2;1.46;138.71
69;79;47;26.74;18.35;4.07;39.1;1.68;153.62
68;78;37;19.88;15.13;5.81;42.1;1.99;181.36
68;82;22;18.8;10.7;2.05;40.85;0.85;96.48
75;84;30;19.88;10.47;4.45;41.15;1.52;136.78
65;76;28;25.15;14.48;3.27;40.67;1.29;122.55
70;80;18;18.5;14;1.91;38.2;0.78;87.14
71;81;9;16.05;14.35;0.96;36.6;0.44;61.28
73;82;28;19.63;13.16;3.16;38.5;1.34;128.21
78;90;37;19.8;10.7;6.52;34.17;1.33;128.17
65;77;48;22.85;12.35;5.28;42.01;2.4;204.36
72;79;49;21.34;15.62;4.55;41.25;1.88;169.21
69;78;28;24.3;12;1.59;41.32;0.95;104.58
72;81;12;18.85;15.45;0.92;40.7;0.57;65.13
70;79;10;17.35;12.81;1.43;47.1;0.61;72.13
73;84;41;15.3;7.8;7.93;42.04;1.79;162.33
69;80;70;20.25;9.65;8.25;43.22;3.38;255.65
66;76;48;20.12;11.37;6.06;42.29;2.33;198.03
66;73;40;18.4;14.5;4.19;40.39;1.86;167.45
71;79;45;21.78;12.55;10.46;34.3;1.83;165.08
69;78;38;25.24;16.32;3.69;42.7;1.49;142.36
57;68;41;28.5;15.5;3.26;42.28;1.38;140.22
72;84;38;21.65;13.85;4.04;44.95;1.65;149.58
65;74;28;21.49;11.27;3.06;43.26;1.29;122.55
72;81;14;24.3;16.5;2.33;47.5;0.69;75.96
69;76;21;26.5;20.05;1.75;44.1;0.77;86.42
71;77;20;22.65;14.44;2.49;42.3;0.94;104.74
66;75;39;17.9;8.5;4.49;44.12;1.38;153.18
67;80;61;21.45;10.55;5.49;40.55;2.38;202.15
71;82;47;19.13;10.33;4.82;38.28;1.95;175.53
69;81;17;20;13;2.28;45.5;0.98;107.86
72;79;14;18.15;13.58;1.65;46.6;0.58;66.09
70;80;23;20.15;13.55;3.51;47.1;1.08;104.26
63;77;20;23.5;10.4;2.66;42.51;1.38;109.61
68;80;44;20.35;10.78;2.79;39.08;1.88;170.17
69;79;42;30.14;20.17;4.78;36.48;2.03;172.55
70;80;6;20;17;0.89;38.8;0.4;55.65
69;79;7;19.55;16.06;0.89;37.5;0.31;58.29
71;82;17;24.09;17.61;1.46;45.5;0.68;77.39
68;80;29;18.7;9.8;2.04;38.33;1.24;120.16
73;84;33;25.65;15.05;3.44;42.14;1.52;137.13
68;78;42;26.45;16.46;4.93;42.58;2.04;173.42
68;76;10;27;15.3;1.45;46.7;0.77;84.78
69;78;20;22.56;16.15;1.8;40.8;0.97;107.35
69;80;12;21.37;14.58;1.76;46.4;0.69;76.21
63;72;38;29;13.5;4.51;43.83;1.54;140.41
71;78;55;30.94;20.39;7.78;40.27;2.35;200.58
67;78;44;24.56;14.59;4.91;42.68;2.14;204.31
69;79;11;18.3;11.9;1.62;43.6;0.81;89.13
71;80;15;19.48;14.5;1.06;42.8;0.51;62.36
71;81;11;18.38;12.37;1.04;46.1;0.54;61.47
72;81;21;25;16.5;2.69;46.9;1;115.18
72;79;28;23.5;15.47;3.42;39.6;1.35;130.02
71;82;22;23.52;13.55;1.92;45.4;1.05;99.75
69;80;13;17.2;14.3;0.84;43.01;0.43;57.21
68;78;13;22.4;19.82;1.68;44.1;0.54;63.18
68;78;17;22.55;15.35;1.53;43.1;0.69;78.18
70;82;19;32;19;3.2;41.5;0.9;101.37
71;80;23;30.02;21.65;2.9;47.8;1;115.36
71;80;27;28.48;17.15;1.92;43.5;1;110.48
70;80;27;21;18;4.12;47.8;1.33;126.35
68;79;36;23.65;17.08;3.06;43.3;1.73;156.48
67;77;28;27.93;17.46;3.98;46.9;1.54;140.02
68;76;23;21;15;2.24;34.5;0.83;93.52
71;80;25;23.66;15.35;1.9;32.01;0.8;95.62
70;81;27;19.05;9.28;1.5;35.4;0.6;68.29
69;79;58;39;18;5.5;41.1;2.1;178.56
68;77;48;30.28;17.35;6.4;34.7;2.2;188.09
69;79;30;22.35;10.48;3.56;46.71;1.51;138.28
73;82;30;20.5;16.5;3.71;44.2;1.67;152.89
71;81;14;18.48;16.36;1.58;43.4;0.64;78.39
72;83;35;19.35;13.78;4;43.5;1.55;139.57
69;79;38;22;17;3.74;43.1;1.77;159.36
68;78;43;25.66;16.26;4.82;40.5;2.04;175.61
69;79;47;25.55;14.56;4.07;45.34;1.61;143.34
71;81;35;26;15;5.17;42.7;2.4;205.37
72;82;16;20.97;15.54;1.83;46.6;0.92;103.28
74;83;37;20.95;11.07;6.32;40.5;1.54;138.48
68;78;35;24;18;3.7;39.1;1.5;135.26
70;79;48;26.62;11.15;5.05;33.2;1.7;153.31
68;78;46;29.71;19.78;3.9;33.65;1.75;150.26
68;77;22;19;12.6;2.35;40.7;1.1;105.33
70;79;12;23.06;15.45;1.57;44.3;0.71;82.48
70;80;12;21.45;14.55;1.51;40.01;0.64;71.47
67;76;54;19.5;10;5.9;43.1;2.65;212.22
70;79;47;24.58;14.35;6.21;44.2;2.78;223.25
69;80;38;20.45;12.68;4.37;41.35;1.83;153.35
70;77;20;20;14.6;2.63;49.5;1.19;115.81
69;77;31;21.52;10.58;3.26;46.1;1.55;142.13
70;78;40;18.38;11.62;4.63;42.6;1.89;170.13
65;74;35;28;14;3.2;44.5;1.4;133.38
70;80;44;24.57;12.6;4.85;49.1;2.08;177.19
68;79;36;20.55;14.45;4.03;43.8;1.69;147.33
70;81;14;23;17;0.81;43.6;0.48;65.48
72;83;7;20.24;17.39;0.59;37.5;0.3;58.21
72;80;8;22.1;11.09;0.93;48.02;0.48;66.32
70;79;46;17.6;9.5;5.54;42.1;2.27;192.96
68;77;66;22.77;11.88;9.78;44.82;3.51;264.22
71;81;38;19.7;10.15;5.59;48.5;2.28;195.61
69;79;25;22.6;15.4;2.69;44.8;1.21;114.92
70;81;15;24.63;13.28;1.37;41.1;0.74;83.59
71;80;11;21.78;13.35;1.3;39.05;0.43;67.14
74;82;51;23;16;7.27;40.7;2.45;208.25
69;76;33;24.34;16.65;5.35;48.1;1.85;167.48
71;78;40;17.36;11.18;5.09;40.8;1.94;176.28
70;80;29;24.8;16.9;2.12;36.4;0.93;104.58
69;78;51;20.92;14.15;3.2;34.2;1.56;143.33
70;80;17;22.45;12.28;1.28;35.5;0.63;71.28
69;79;43;23;15.5;3.22;40.11;1.89;170.13
70;80;26;21.62;13.33;3.21;40.8;0.85;95.19
72;81;18;24.14;16.48;2.68;41.55;0.93;104.31
71;80;48;21.5;13;5.61;41.9;2.59;208.35
70;79;40;20.47;13.36;2.82;29.5;1.3;125.65
70;80;28;21.85;11.08;3.09;43.1;1.39;132.07
68;78;58;23;14;11.1;38.9;2.83;226.48
69;79;35;21.37;15.15;4.13;37.2;1.48;141.33
69;80;48;27.18;17.03;8.48;37.8;2.61;209.08
69;79;22;22.54;16.46;2.48;44.4;1.2;114.17
71;81;41;23;17;3.97;35.44;1.54;146.32
69;79;17;17.65;12.55;1.72;39.5;0.79;90.47
70;81;47;22.5;12;7.76;44.3;2.38;202.36
69;79;31;18.12;13.52;3.19;42.8;1.56;142.28
69;79;36;23.35;16.63;5.09;49.7;2.09;177.68
77;91;39;22.8;10.5;4.14;46.62;1.38;149.43
70;83;33;25.32;13.66;3.56;43.51;1.54;140.65
70;81;25;19.88;10.88;2.37;35.45;1.03;98.14
71;82;16;21;16;2.24;33.3;0.76;83.68
68;79;27;18.08;13.52;1.57;37.1;0.77;85.22
70;80;21;19.61;12.12;1.88;38.6;0.88;97.18
75;85;48;25.6;14.8;12.46;40.47;2.18;185.33
66;78;49;24.45;11.15;6.24;41.19;2.35;200.48
65;74;42;19.68;10.47;4.24;38.28;1.68;151.25
69;76;33;20;10;3.5;33.9;1.4;133.17
68;76;17;24.56;16.55;2.03;46.2;1.11;105.41
69;77;41;21.54;10.05;3.99;41.05;1.93;173.72
77;89;24;22.8;15.3;3.55;37.54;1.38;105.47
69;81;50;23.85;13.68;6.07;37.09;2.17;185.82
69;79;40;25.62;16.46;4.32;38.49;1.61;144.92
70;82;42;19;15;5.88;43.3;2.64;211.28
73;84;52;22.3;22.62;6.81;41.2;2.83;226.61
71;82;36;22.72;11.55;3.59;41.6;1.64;147.65
65;78;41;23.8;14.1;6.91;39.55;1.79;161.13
70;81;31;26.55;13.85;4.69;46.38;1.78;162.36
68;79;48;20.13;10.47;5.29;38.63;2.15;182.78
67;81;31;27.5;10;6.39;41.3;1.07;101.67
70;80;33;17.41;8.55;2.67;39.1;1.1;104.55
69;77;24;22.49;14.82;2.68;42.7;1.16;110.28
62;69;33;19.3;11.4;3.98;45.37;1.65;148.53
72;82;59;24.33;16.25;6.88;39.78;3;242.25
63;74;44;24.98;14.58;4.86;45.33;2.07;175.93
73;81;11;19;12.5;1.44;42.5;0.58;66.84
68;77;25;18.18;13.35;2.01;32.5;0.87;96.72
70;79;29;25.25;16.36;3.07;33.1;0.69;79.62
66;75;27;26.5;13.7;3.45;46.73;1.38;98.88
71;79;39;25.65;15.7;3.75;42.55;1.48;143.22
70;81;35;22.45;12.68;3.83;40.55;1.52;136.83
67;79;18;28;13;2.9;49.6;1.03;97.82
70;81;25;23.55;22.68;2.3;43.5;1.4;135.18
67;77;15;24.65;12.32;1.7;41.7;0.7;81.14
72;84;39;20.9;13.8;6.81;44.74;1.89;170.13
71;83;40;28.42;14.65;4.82;45.78;1.94;169.41
65;74;32;19.41;9.79;3.67;39.65;1.57;141.34
70;81;10;21.9;16.4;1.49;49.1;0.69;77.28
73;82;14;21.9;16.46;1.88;44.4;0.67;76.48
71;79;18;18.54;12.23;2.08;41.1;0.81;86.42
76;91;35;22.9;14.3;4.09;39.34;1.38;137.75
74;84;57;29.45;13.48;4.88;35.12;1.84;167.36
70;80;10;25.43;14.58;5.27;35.49;2.15;182.82
72;81;38;21.7;14.5;2.47;38.5;1.37;130.12
71;80;20;18.35;14.35;2.4;45.1;1.05;100.98
71;81;14;21.63;12.18;1.84;46.3;0.84;85.33
74;86;45;22.7;13.8;4.93;44.28;1.87;168.33
70;83;59;22.57;11.45;6.08;39.44;2.84;229.62
64;75;40;23.85;13.8;4.46;40.67;1.79;161.15
70;82;9;20;15.2;1.12;42.8;0.52;61.48
73;81;15;20.45;14.58;1.66;49.1;0.71;80.17
71;82;15;20.45;14.55;1.69;46.1;0.76;82.49
76;88;38;34;15;7.47;46.61;1.98;178.25
67;79;41;27.72;18.85;4.32;38.79;1.72;156.68
70;80;36;20.78;10.75;4.01;44.35;1.78;160.29
70;81;31;17.5;13;3.1;38.1;1.51;135.93
72;82;32;19.65;14.05;2.98;33.5;1.27;122.62
72;83;14;17.35;11.13;1.58;49.3;0.79;84.35
69;80;33;20;12;4.21;41.5;1.43;135.85
72;81;30;21.3;16.66;4.15;41.9;1.51;140.89
70;80;23;20.45;11.39;2.54;42.8;1.16;110.24
72;82;21;19;16;2.62;45.3;1.13;107.38
70;80;47;19.74;15.45;4.27;39.5;1.67;151.33
70;80;47;23.85;10.45;2.77;33.7;1.34;127.36
71;82;51;22;17.5;5.21;48.8;2.37;201.45
70;79;35;24.55;20.52;4.23;46.5;1.53;139.62
70;80;45;23.45;14.58;8.05;46.1;2.45;208.28
70;81;13;22;15;2.1;44.1;0.8;90.21
72;82;11;24.06;18.78;2.3;43.6;0.5;67.43
71;80;15;26.65;17.19;3.5;49.2;0.8;90.61
69;77;26;23;12.3;3.86;43.5;1.5;137.49
70;79;32;25.74;19.48;3.06;48.1;1.3;124.27
70;81;31;24.5;11.25;1.77;34.4;0.86;94.63
68;81;34;30;16;4.52;44.26;1.38;136.83
64;73;38;31.44;23.18;3.46;35.81;1.28;122.18
73;85;28;21.38;11.39;2.98;45.29;1.38;132.22
70;80;26;23.6;20.3;2.62;40.6;1.21;114.96
70;82;23;21.88;15.54;1.98;38.5;1.04;99.29
72;82;35;25.65;15.41;3.06;41.1;1.48;140.66
65;77;39;24.6;16.5;4.25;43.72;1.62;145.81
67;77;39;24.35;14.38;4.44;44.18;1.67;150.38
68;76;38;24.48;15.44;4.35;43.95;1.64;148.1
70;81;39;27;17.5;3.61;43.5;1.79;161.18
69;78;30;23.45;17.46;3.3;43.1;1.42;135.39
69;79;20;22.45;12.45;2.78;43.6;0.92;101.26
65;76;48;26.5;16.5;4.35;38.47;1.38;147.33
65;76;43;28.25;17.35;4.65;37.61;1.95;177.89
72;83;45;28.66;17.89;3.52;35.79;1.45;137.76
70;80;19;19;15;1.15;28.6;0.54;70.28
69;78;12;20.5;16.46;0.8;30.3;0.42;60.36
72;82;11;18.35;9.78;1;34.2;0.48;64.17
63;73;51;20.6;12.5;6.4;45.68;2.05;174.31
73;82;62;23.78;10.43;7.48;41.37;3.64;274.58
66;76;41;18.68;10.47;4.21;37.29;1.72;154.81
69;79;35;21.3;13.5;3.44;48.2;1.5;136.47
71;80;41;22.55;16.35;4.16;44.6;1.57;144.36
69;79;27;20.45;11.38;3.8;43.3;1.22;115.98
72;78;28;29;16.2;2.89;45.28;1.38;109.25
73;82;40;26.22;14.55;4.29;48.75;2.11;180.17
71;80;38;23.61;15.48;3.61;41.78;1.47;139.65
70;81;41;20.5;13;3.28;48.2;2.39;204.61
69;79;38;21.63;13.59;3.82;42.5;1.48;141.12
72;81;29;20.35;13.15;4.33;45.2;1.28;121.64
74;81;35;18.2;10.9;4.71;44.65;1.38;155.74
64;75;58;23.45;12.84;7.47;45.66;2.86;229.69
68;77;51;22.35;10.58;5.31;46.29;2.14;181.92
70;82;36;17;8.5;4.74;43.5;1.7;153.38
73;84;29;22.52;15.65;3.22;41.1;1.38;133.08
71;82;33;22.45;16.66;3.12;48.5;1.44;136.87
67;79;32;25.5;17.6;8.38;38.61;1.12;106.43
72;79;55;22.65;14.25;7.04;44.49;2.87;228.45
70;80;41;19.61;12.28;5.12;40.52;1.83;164.71
69;78;17;22;14.5;2.28;43.6;0.92;101.39
71;80;20;20.55;14.02;2.36;36.7;0.86;96.22
71;81;24;21.35;10.59;3.14;43.6;1.24;117.88
62;70;36;27.4;20.1;4.06;36.29;1.38;117.83
66;76;56;20.47;10.15;5.19;38.18;2;181.14
70;82;25;23.76;11.79;3.26;40.48;1.18;112.16
71;80;45;19.5;10.3;3.64;45.5;1.96;176.41
70;82;34;19.88;11.33;3.44;48.9;1.57;141.33
68;79;42;18.74;10.45;4.08;35.2;1.58;142.28
61;72;44;21.8;12.2;10.55;46.59;2.21;187.85
71;83;41;29.56;19.35;5.13;39.84;1.72;156.78
67;78;36;20.45;11.98;4.2;39.16;1.57;141.33
72;83;18;19.5;15;5.6;43.7;0.83;92.05
69;80;34;23.65;14.98;8.14;45.5;1.91;172.08
71;82;31;23.5;14.38;5.08;44.7;1.61;144.97
64;77;40;27.4;16.4;4.62;43.27;1.38;169.22
71;82;49;24.74;14.35;4.02;41.82;1.78;158.15
71;82;25;20.62;12.68;2.01;38.78;0.89;98.06
